id,imei,lat,lng,speed,direction,error,acc,meter,ts,datasource
1,tq000149,0.00000,0.00000,0.0,0.0,0.0,1,1,1433091600,30
2,Z0000212,13.79800,100.66710,0.0,0.0,15.0,1,0,1433091601,30
3,pG000001,13.59750,100.70470,0.0,0.0,0.0,1,0,1433091601,30
4,M2000014,13.72590,100.56290,0.0,0.0,0.0,1,0,1433091601,30
5,or000005,13.79250,100.63680,0.0,0.0,0.0,1,1,1433091602,30
6,2H000001,0.00000,0.00000,0.0,0.0,0.0,0,1,1433091602,30
7,xG000007,13.81060,100.56540,37.0,118.8,15.0,0,1,1433091603,30
8,M2000008,13.74050,100.49720,0.0,0.0,0.0,1,0,1433091603,30
9,Uj000055,0.00000,0.00000,0.0,0.0,0.0,1,1,1433091603,30
10,tq000161,0.00000,0.00000,0.0,0.0,0.0,1,0,1433091604,30
11,KO000018,13.84060,100.54130,0.0,0.0,0.0,0,0,1433091606,30
12,M2000019,13.74870,100.51780,0.0,0.0,0.0,0,0,1433091606,30
13,UP000523,0.00000,0.00000,0.0,0.0,0.0,1,1,1433091607,30
14,tq000135,13.86410,100.49750,73.0,294.5,15.0,0,1,1433091607,30
15,HN000004,13.94870,100.61750,80.0,209.4,15.0,0,1,1433091607,30
16,M2000018,13.73210,100.50590,0.0,0.0,0.0,1,0,1433091609,30
17,qx000011,0.00000,0.00000,0.0,0.0,0.0,0,1,1433091610,30
18,YQ000008,0.00000,0.00000,0.0,0.0,0.0,0,1,1433091610,30
19,9P000008,13.79530,100.72850,0.0,154.4,15.0,1,1,1433091610,30
20,861311003699914,12.57250,99.95449,7.0,71.0,0.7,1,2,1433177939,21
21,SE000007,0.00000,0.00000,0.0,0.0,0.0,0,1,1433091613,30
22,tq000040,0.00000,0.00000,0.0,0.0,0.0,0,1,1433091614,30
23,UP000508,0.00000,0.00000,0.0,0.0,0.0,0,1,1433091614,30
24,Ki000040,13.70140,100.49980,0.0,216.7,15.0,1,1,1433091616,30
25,UP000501,13.66040,100.28160,0.0,316.5,15.0,1,0,1433091616,30
26,fN000067,13.98940,100.61570,0.0,206.0,15.0,1,1,1433091617,30
27,861311003682662,13.73771,100.56399,0.0,0.0,2.0,0,2,1433177948,21
28,UP000534,13.77640,100.46120,0.0,332.9,15.0,1,0,1433091620,30
29,JX000003,13.73660,100.48660,34.0,303.2,15.0,0,1,1433091621,30
30,tq000114,13.85990,100.43940,56.0,345.8,15.0,0,1,1433091623,30
31,qw000012,13.69180,100.64700,0.0,13.3,15.0,0,1,1433091624,30
32,DV000003,13.62300,100.62120,0.0,122.0,15.0,1,0,1433091624,30
33,DC000001,0.00000,0.00000,0.0,0.0,0.0,0,0,1433091624,30
34,pG000001,13.59750,100.70470,0.0,0.0,0.0,1,0,1433091625,30
35,Z0000212,13.79800,100.66710,0.0,0.0,15.0,1,0,1433091625,30
36,Uj000026,13.77650,100.64310,0.0,183.4,15.0,1,1,1433091626,30
37,tq000193,0.00000,0.00000,0.0,0.0,0.0,0,1,1433091627,30
38,or000005,13.79250,100.63680,0.0,0.0,0.0,1,1,1433091627,30
39,Z0000308,0.00000,0.00000,0.0,0.0,0.0,1,0,1433091627,30
40,tq000045,0.00000,0.00000,0.0,0.0,0.0,1,1,1433091629,30
41,UP000490,0.00000,0.00000,0.0,0.0,0.0,1,0,1433091629,30
42,tq000063,0.00000,0.00000,0.0,0.0,0.0,1,0,1433091629,30
43,KO000018,13.84060,100.54130,0.0,0.0,0.0,0,0,1433091630,30
44,UP000550,13.73980,100.46520,0.0,18.0,15.0,1,0,1433091632,30
45,xG000007,13.80820,100.56980,41.0,121.8,15.0,0,1,1433091632,30
46,M2000014,13.72590,100.56290,0.0,0.0,0.0,1,0,1433091634,30
47,Uj000041,0.00000,0.00000,0.0,0.0,0.0,0,1,1433091634,30
48,tq000148,0.00000,0.00000,0.0,0.0,0.0,0,0,1433091634,30
49,863835020545492,13.70238,100.53663,0.0,213.0,15.0,1,2,1433091613,21
50,rB000013,13.74300,100.63560,0.0,0.0,0.0,1,0,1433091636,30
51,tV000080,13.69370,100.50080,0.0,251.7,15.0,1,0,1433091638,30
52,tq000090,0.00000,0.00000,0.0,0.0,0.0,0,0,1433091638,30
53,W3000001,0.00000,0.00000,0.0,0.0,0.0,1,1,1433091639,30
54,2H000001,0.00000,0.00000,0.0,0.0,0.0,0,1,1433091639,30
55,tq000135,13.86700,100.49180,77.0,298.6,15.0,0,1,1433091640,30
56,Ye000001,0.00000,0.00000,0.0,0.0,0.0,0,1,1433091640,30
57,tq000087,0.00000,0.00000,0.0,0.0,0.0,0,0,1433091641,30
58,Uj000067,0.00000,0.00000,0.0,0.0,0.0,0,1,1433091642,30
59,M2000018,13.73210,100.50590,0.0,0.0,0.0,1,0,1433091642,30
60,tq000150,0.00000,0.00000,0.0,0.0,0.0,1,1,1433091643,30
61,HN000004,13.94160,100.61350,82.0,209.0,15.0,0,1,1433091644,30
62,UP000523,0.00000,0.00000,0.0,0.0,0.0,1,1,1433091644,30
63,9P000008,13.79530,100.72850,0.0,154.4,15.0,1,1,1433091646,30
64,tq000149,0.00000,0.00000,0.0,0.0,0.0,1,1,1433091647,30
65,863835020530486,13.59412,100.88016,0.0,101.0,3.0,0,2,1433091607,21
66,qw000012,13.69180,100.64700,0.0,13.3,15.0,0,1,1433091649,30
67,861311003699914,12.57315,99.95557,23.0,331.0,0.8,1,2,1433177977,21
68,tq000161,0.00000,0.00000,0.0,0.0,0.0,1,0,1433091651,30
69,Ki000040,13.70140,100.49980,0.0,216.7,15.0,1,1,1433091652,30
70,JX000003,13.73590,100.48580,11.0,228.6,15.0,0,1,1433091653,30
71,UP000501,13.66040,100.28160,0.0,316.5,15.0,1,0,1433091653,30
72,861311003699799,13.73143,100.56049,0.0,0.0,2.0,0,2,1433177982,21
73,861311003685970,13.72428,100.58320,0.0,0.0,1.0,1,2,1433177983,21
74,Z0000229,0.00000,0.00000,0.0,0.0,0.0,0,1,1433091654,30
75,fN000067,13.98940,100.61570,0.0,206.0,15.0,1,1,1433091654,30
76,tq000114,13.86440,100.43820,57.0,345.9,15.0,0,1,1433091656,30
77,qx000011,0.00000,0.00000,0.0,0.0,0.0,0,1,1433091656,30
78,UP000534,13.77640,100.46120,0.0,332.9,15.0,1,0,1433091658,30
79,pG000001,13.59750,100.70470,0.0,0.0,0.0,1,0,1433091658,30
80,861311003699914,12.57406,99.95506,32.0,331.0,0.8,1,2,1433177989,21
81,M2000014,13.72590,100.56290,0.0,0.0,0.0,1,0,1433091658,30
82,DV000003,13.62300,100.62120,0.0,122.0,15.0,1,0,1433091659,30
83,Z0000212,13.79800,100.66710,0.0,0.0,15.0,1,0,1433091659,30
84,Z0000308,0.00000,0.00000,0.0,0.0,0.0,1,0,1433091660,30
85,tq000193,0.00000,0.00000,0.0,0.0,0.0,0,1,1433091660,30
86,or000005,13.79250,100.63680,0.0,0.0,0.0,1,1,1433091660,30
87,Uj000026,13.77650,100.64310,0.0,183.4,15.0,1,1,1433091661,30
88,863835020535246,13.70228,100.53687,0.0,334.0,9.0,0,2,1433091601,21
89,863835020535006,13.73382,100.57737,0.0,138.0,0.0,0,2,1433091608,21
90,M2000008,13.74050,100.49720,0.0,0.0,0.0,1,0,1433091662,30
91,KO000018,13.84060,100.54130,0.0,0.0,0.0,0,0,1433091664,30
92,353419036178197,13.70614,100.30125,62.0,276.1,1.8,0,0,1433091602,8
93,353419036178197,13.70618,100.30080,56.0,275.8,1.8,0,0,1433091605,8
94,tq000045,0.00000,0.00000,0.0,0.0,0.0,1,1,1433091666,30
95,tq000063,0.00000,0.00000,0.0,0.0,0.0,1,0,1433091666,30
96,UP000490,0.00000,0.00000,0.0,0.0,0.0,1,0,1433091666,30
97,M2000018,13.73210,100.50590,0.0,0.0,0.0,1,0,1433091667,30
98,tq000011,0.00000,0.00000,0.0,0.0,0.0,0,1,1433091667,30
99,863835020534025,13.72103,100.52490,0.0,149.0,11.0,1,2,1433091611,21
100,863835020302498,13.73877,100.56010,0.0,54.0,2.2,0,2,1433091610,21
101,863835020529322,13.72817,100.56884,0.0,114.0,3.0,0,2,1433091600,21
102,xG000007,13.80720,100.56990,33.0,175.6,15.0,0,1,1433091668,30
103,Z0000015,0.00000,0.00000,0.0,0.0,0.0,0,1,1433091668,30
104,UP000550,13.73980,100.46520,0.0,18.0,15.0,1,0,1433091669,30
105,353419036160294,13.50404,100.74863,108.0,278.6,1.6,0,0,1433091604,8
106,353419036160294,13.50404,100.74863,108.0,278.6,1.6,0,0,1433091607,8
107,353419036160294,13.50416,100.74780,108.0,278.9,1.6,0,0,1433091610,8
108,353419036160294,13.50392,100.74946,109.0,278.7,1.6,0,0,1433091601,8
109,Z0000286,13.86890,100.40920,0.0,0.0,15.0,1,0,1433091600,30
110,XV000001,13.78090,100.42390,0.0,0.1,15.0,0,1,1433091600,30
111,DC000005,13.76490,100.52710,61.0,202.3,15.0,0,0,1433091600,30
112,mf000001,13.71510,100.50530,43.0,48.8,15.0,0,1,1433091600,30
113,pb000018,14.02802,100.66710,0.0,115.5,15.0,1,1,1433091600,30
114,Z0000107,13.80290,100.29850,62.0,94.2,15.0,0,1,1433091601,30
115,BM000018,13.58550,100.51800,0.0,331.7,15.0,1,1,1433091600,30
116,863835020298522,13.73153,100.57498,0.0,3.0,6.8,0,2,1433091600,21
117,863835020528167,13.73785,100.54935,0.0,60.0,1.6,0,2,1433091600,21
118,kU000029,13.78590,100.46080,0.0,147.1,15.0,0,1,1433091601,30
119,Hr000004,13.70870,100.54290,0.0,14.2,15.0,1,1,1433091600,30
120,rB000117,13.61690,100.62160,0.0,206.9,15.0,0,1,1433091600,30
121,Uk000009,13.94940,100.63720,0.0,160.1,15.0,1,0,1433091600,30
122,UP000365,13.75830,100.46300,0.0,334.7,15.0,1,1,1433091600,30
123,v7000004,13.78580,100.38420,51.0,96.2,15.0,0,1,1433091600,30
124,UP000392,13.71020,100.53380,0.0,231.4,15.0,0,1,1433091600,30
125,6x000002,13.85580,100.69300,0.0,21.2,15.0,1,1,1433091600,30
126,353419036172356,13.76061,100.61628,30.0,156.5,3.2,1,1,1433091600,8
127,3D000008,13.73780,100.44760,0.0,168.5,15.0,0,1,1433091600,30
128,UP000184,13.74220,100.63340,77.0,258.1,15.0,0,1,1433091600,30
129,tq000216,13.80430,100.57660,46.0,120.1,15.0,0,0,1433091600,30
130,tq000112,13.85110,100.48960,0.0,196.6,15.0,1,0,1433091600,30
131,tq000001,13.84760,100.48040,0.0,327.9,15.0,1,0,1433091600,30
132,UP000664,13.98080,100.57420,0.0,72.6,15.0,1,0,1433091600,30
133,tq000152,13.93470,100.43870,0.0,0.0,15.0,1,0,1433091600,30
134,rB000129,13.76250,100.72270,0.0,305.2,15.0,1,1,1433091600,30
135,8h000027,13.68070,100.56750,0.0,307.6,15.0,1,0,1433091600,30
136,gc000007,13.71450,100.55410,0.0,0.1,15.0,1,0,1433091600,30
137,QL000016,13.69040,100.52450,54.0,223.8,15.0,0,1,1433091600,30
138,Z0000283,13.82410,100.47050,0.0,260.4,15.0,1,1,1433091600,30
139,tq000195,13.81960,100.73770,70.0,85.8,15.0,0,1,1433091600,30
140,Mr000002,13.64290,100.62970,0.0,119.1,15.0,1,1,1433091600,30
141,j6000006,13.71850,100.66440,0.0,352.1,15.0,1,1,1433091601,30
142,SE000059,13.76640,100.40390,0.0,15.3,15.0,1,0,1433091600,30
143,rB000035,13.84540,100.63640,0.0,42.5,15.0,1,1,1433091602,30
144,fN000130,14.02559,100.52570,0.0,69.3,15.0,1,1,1433091600,30
145,2H000053,13.63530,100.70770,41.0,300.5,15.0,0,1,1433091600,30
146,As000021,13.40270,101.00468,0.0,147.7,15.0,1,0,1433091600,30
147,Uk000028,13.79510,100.42900,0.0,191.8,15.0,1,1,1433091600,30
148,rB000032,13.72720,100.57430,75.0,126.8,15.0,0,1,1433091600,30
149,16005232,13.72072,100.39587,0.0,0.0,0.0,1,1,1433091600,9
150,16014585,13.72075,100.50215,0.0,0.0,0.0,0,0,1433091600,9
151,16005683,13.73020,100.56957,0.0,0.0,0.0,0,1,1433091600,9
152,16005372,13.53562,100.63498,0.0,0.0,0.0,1,1,1433091600,9
153,16005377,13.77393,100.72610,0.0,0.0,0.0,1,1,1433091600,9
154,16005007,13.68663,100.72917,0.0,0.0,0.0,1,1,1433091600,9
155,16005531,13.75962,100.49553,0.0,0.0,0.0,0,1,1433091600,9
156,16005298,13.69422,100.37763,0.0,0.0,0.0,1,1,1433091600,9
157,16100354,7.82008,98.32913,0.0,0.0,0.0,1,1,1433091600,9
158,16005695,13.89317,100.51448,0.0,0.0,0.0,1,1,1433091600,9
159,16005552,13.69832,100.20022,0.0,0.0,0.0,1,1,1433091600,9
160,16005996,13.65333,100.43148,0.0,0.0,0.0,1,1,1433091600,9
161,16006016,14.55828,100.15077,0.0,0.0,0.0,1,1,1433091600,9
162,10015259,13.56878,100.92768,92.0,102.0,0.0,0,1,1433091600,9
163,10016298,13.69798,100.49792,38.0,48.0,0.0,0,1,1433091600,9
164,10016623,13.81830,100.71550,18.0,0.0,0.0,0,1,1433091600,9
165,10015715,13.69693,100.42140,50.0,30.0,0.0,0,0,1433091600,9
166,10016794,13.77958,100.51403,12.0,202.0,0.0,0,0,1433091600,9
167,16005272,13.71787,100.44295,0.0,0.0,0.0,1,1,1433091600,9
168,16005497,13.99080,100.66237,0.0,0.0,0.0,1,1,1433091600,9
169,10012904,13.86587,100.59087,64.0,28.0,0.0,0,0,1433091600,9
170,10012065,14.60970,101.07135,124.0,244.0,0.0,0,1,1433091600,9
171,10017153,13.63192,100.61688,0.0,184.0,0.0,1,1,1433091600,9
172,16100180,7.88252,98.29900,0.0,0.0,0.0,1,1,1433091600,9
173,16005724,13.69633,100.70607,0.0,0.0,0.0,1,1,1433091600,9
174,10013499,13.74358,100.54143,16.0,246.0,0.0,0,1,1433091600,9
175,10013511,13.71303,100.59438,50.0,126.0,0.0,0,1,1433091600,9
176,10012074,13.70103,100.48762,56.0,20.0,0.0,0,0,1433091600,9
177,10014278,13.80742,100.51148,70.0,140.0,0.0,0,1,1433091600,9
178,16005950,13.65018,100.55743,0.0,0.0,0.0,0,0,1433091600,9
179,16005202,13.57308,100.52963,0.0,0.0,0.0,1,1,1433091600,9
180,10017219,13.75175,100.54142,10.0,46.0,0.0,0,0,1433091600,9
181,16005685,13.71297,100.37803,0.0,0.0,0.0,1,1,1433091600,9
182,10014259,13.64497,100.23640,0.0,0.0,0.0,1,1,1433091600,9
183,10008833,13.62485,100.50810,0.0,116.0,0.0,1,1,1433091600,9
184,10015466,13.91500,100.61988,74.0,28.0,0.0,0,1,1433091600,9
185,10016875,13.68497,100.62342,28.0,18.0,0.0,0,1,1433091600,9
186,10015633,13.69540,100.60578,4.0,18.0,0.0,0,0,1433091600,9
187,16014581,13.74435,100.58602,0.0,0.0,0.0,0,1,1433091601,9
188,16003655,13.74152,100.56152,0.0,0.0,0.0,1,1,1433091600,9
189,16005572,13.66110,100.41498,0.0,0.0,0.0,1,1,1433091600,9
190,16005521,13.72053,100.50500,41.0,273.0,0.0,0,0,1433091600,9
191,10016882,13.60888,100.67980,90.0,228.0,0.0,0,0,1433091600,9
192,10013687,13.74847,100.56743,68.0,98.0,0.0,0,1,1433091600,9
193,10016463,13.70270,100.48945,66.0,112.0,0.0,0,1,1433091600,9
194,16100345,7.88193,98.29893,0.0,0.0,0.0,1,1,1433091600,9
195,16003630,14.03863,100.66032,0.0,0.0,0.0,1,1,1433091600,9
196,16005095,13.71302,100.51875,0.0,0.0,0.0,1,1,1433091600,9
197,10012048,13.73315,100.48340,22.0,208.0,0.0,0,1,1433091600,9
198,16005649,13.79343,100.61985,0.0,0.0,0.0,1,1,1433091600,9
199,10015386,13.86185,100.56900,106.0,28.0,0.0,0,1,1433091600,9
200,16005070,13.62727,100.43830,0.0,0.0,0.0,1,1,1433091600,9
201,16005276,13.76792,100.66217,0.0,0.0,0.0,1,1,1433091600,9
202,16014512,13.00647,101.20335,0.0,0.0,0.0,1,1,1433091600,9
203,10015959,13.73513,100.58790,44.0,198.0,0.0,0,0,1433091600,9
204,10016650,13.84087,100.54145,60.0,12.0,0.0,0,1,1433091600,9
205,10014260,14.51363,99.70913,12.0,208.0,0.0,0,0,1433091600,9
206,16005136,13.88580,100.61237,0.0,0.0,0.0,1,1,1433091600,9
207,10013978,13.58155,100.78620,0.0,204.0,0.0,1,1,1433091600,9
208,10014219,13.71887,100.50813,60.0,24.0,0.0,0,1,1433091600,9
209,16014558,13.67392,100.49863,0.0,0.0,0.0,1,1,1433091600,9
210,10012349,14.01915,100.61583,60.0,180.0,0.0,0,0,1433091600,9
211,10016718,13.78972,100.56977,36.0,84.0,0.0,0,0,1433091600,9
212,10016189,13.62837,100.35997,104.0,48.0,0.0,0,0,1433091600,9
213,10012259,13.78650,100.57193,34.0,76.0,0.0,0,1,1433091600,9
214,16003614,13.83770,100.71598,0.0,0.0,0.0,1,1,1433091600,9
215,16005088,13.72047,100.64957,0.0,0.0,0.0,1,1,1433091600,9
216,10013733,13.66028,100.40558,102.0,182.0,0.0,0,1,1433091600,9
217,16100474,8.96263,98.81855,0.0,0.0,0.0,1,1,1433091600,9
218,10014613,13.65772,100.66690,56.0,344.0,0.0,0,1,1433091600,9
219,10015019,13.74993,100.50290,26.0,228.0,0.0,0,1,1433091600,9
220,10013277,13.71677,100.44898,42.0,72.0,0.0,0,1,1433091600,9
221,10012309,13.74805,100.54075,48.0,8.0,0.0,0,1,1433091600,9
222,10016542,13.64797,100.68458,58.0,226.0,0.0,0,0,1433091600,9
223,16100447,13.78745,100.46837,76.0,250.0,0.0,0,0,1433091600,9
224,16100310,8.11068,98.31042,0.0,0.0,0.0,1,1,1433091600,9
225,10016873,13.71888,100.56692,38.0,240.0,0.0,0,0,1433091600,9
226,10014293,13.64853,100.62692,56.0,112.0,0.0,0,0,1433091600,9
227,10013581,13.70618,100.49082,48.0,30.0,0.0,0,0,1433091600,9
228,10015558,13.71087,100.64625,0.0,220.0,0.0,1,1,1433091600,9
229,10011622,13.77143,100.51795,62.0,28.0,0.0,0,1,1433091600,9
230,10016626,13.62733,100.62762,42.0,120.0,0.0,0,1,1433091600,9
231,16011087,13.79230,100.59880,0.0,0.0,0.0,1,0,1433091600,9
232,10017014,13.72415,100.51490,0.0,122.0,0.0,1,1,1433091600,9
233,10016292,13.68358,100.49748,54.0,238.0,0.0,0,0,1433091600,9
234,10016859,13.78672,100.69135,69.0,240.0,0.0,0,1,1433091600,9
235,16005169,13.69967,100.60807,14.0,71.0,0.0,0,1,1433091600,9
236,16100368,7.84503,98.38267,0.0,0.0,0.0,1,1,1433091601,9
237,10016858,13.74193,100.47165,0.0,96.0,0.0,1,1,1433091600,9
238,10015908,13.64310,100.59287,56.0,224.0,0.0,0,1,1433091600,9
239,10014389,13.88638,100.60315,18.0,208.0,0.0,0,0,1433091600,9
240,10016355,13.73865,100.56237,0.0,130.0,0.0,1,1,1433091600,9
241,10016592,13.71565,100.56983,22.0,114.0,0.0,0,1,1433091600,9
242,10013613,13.78485,100.61162,70.0,242.0,0.0,0,0,1433091600,9
243,10014496,14.44298,100.54222,70.0,168.0,0.0,0,0,1433091600,9
244,16005962,13.59528,100.36645,0.0,0.0,0.0,1,1,1433091601,9
245,16003684,13.66375,100.40833,0.0,0.0,0.0,1,1,1433091601,9
246,10012006,13.63027,100.70783,62.0,196.0,0.0,0,0,1433091600,9
247,10015453,13.72422,100.51462,0.0,208.0,0.0,1,1,1433091600,9
248,10013027,13.73413,100.54385,58.0,216.0,0.0,0,1,1433091600,9
249,10015199,13.76425,100.77613,48.0,180.0,0.0,0,0,1433091600,9
250,10016090,13.65502,100.42808,64.0,230.0,0.0,0,1,1433091600,9
251,10013131,13.71285,100.43335,4.0,88.0,0.0,0,0,1433091600,9
252,16005426,13.59485,100.36432,0.0,0.0,0.0,1,1,1433091601,9
253,16100464,7.88320,98.39052,0.0,0.0,0.0,1,1,1433091601,9
254,10016470,13.77045,100.74627,66.0,178.0,0.0,0,0,1433091600,9
255,16005401,16.51790,102.82840,0.0,0.0,0.0,1,1,1433091600,9
256,10012862,13.61832,100.62232,78.0,206.0,0.0,0,1,1433091600,9
257,10015460,13.82180,100.52120,76.0,46.0,0.0,0,1,1433091600,9
258,10012757,13.68583,100.42662,16.0,70.0,0.0,0,1,1433091600,9
259,10016309,13.88120,100.57992,104.0,208.0,0.0,0,0,1433091600,9
260,10015356,13.72282,100.55293,12.0,118.0,0.0,0,1,1433091600,9
261,10015350,13.62092,100.50322,140.0,84.0,0.0,0,1,1433091600,9
262,10014125,13.91510,100.59782,12.0,26.0,0.0,0,0,1433091601,9
263,10013444,13.74072,100.64222,58.0,12.0,0.0,0,0,1433091600,9
264,10016995,13.59625,100.37128,0.0,224.0,0.0,1,1,1433091600,9
265,10013234,13.87628,100.59657,34.0,54.0,0.0,0,1,1433091600,9
266,Uk000014,13.94070,100.27960,0.0,121.8,15.0,1,0,1433091600,30
267,UP000296,13.71520,100.32600,0.0,0.0,15.0,1,1,1433091600,30
268,kU000028,13.86529,100.43878,0.0,0.0,0.0,0,0,1433091600,30
269,M2000016,13.73170,100.50550,0.0,99.8,15.0,1,0,1433091600,30
270,Ca000004,13.74310,100.61320,0.0,344.0,15.0,1,0,1433091600,30
271,Z0000427,13.74140,100.54080,0.0,269.3,15.0,0,1,1433091600,30
272,bO000003,13.61150,100.66900,55.0,284.9,15.0,0,1,1433091601,30
273,UP000343,13.70670,100.33070,20.0,182.2,15.0,0,0,1433091602,30
274,Ed000057,13.76360,100.69760,0.0,99.8,15.0,1,0,1433091600,30
275,As000007,13.71390,100.75180,0.0,287.8,15.0,1,1,1433091600,30
276,Z0000134,13.88210,100.40480,0.0,114.4,15.0,1,0,1433091600,30
277,UP000250,13.79230,100.45590,0.0,0.0,15.0,1,1,1433091600,30
278,Ed000059,13.55510,100.68160,0.0,0.0,15.0,1,0,1433091600,30
279,uS000008,13.73980,100.60310,60.0,108.6,15.0,0,1,1433091600,30
280,UP000201,13.76910,100.63990,0.0,124.2,15.0,0,1,1433091600,30
281,Z0000360,13.76240,100.64430,8.0,257.2,15.0,0,0,1433091600,30
282,2H000070,13.77250,100.58680,0.0,189.6,15.0,0,0,1433091600,30
283,bN000034,16.45360,102.84140,0.0,0.0,15.0,1,1,1433091600,30
284,Ht000028,13.88220,100.40940,46.0,174.6,15.0,0,1,1433091600,30
285,Ze000001,13.59930,100.54340,0.0,242.7,15.0,1,1,1433091600,30
286,tV000083,13.80120,100.31990,0.0,267.5,15.0,1,1,1433091600,30
287,o3000006,13.84450,100.41130,0.0,33.2,15.0,1,0,1433091600,30
288,Ed000019,13.67540,100.65750,38.0,217.4,15.0,0,0,1433091600,30
289,Uk000010,13.78130,100.47360,0.0,110.2,15.0,1,1,1433091600,30
290,AF000001,13.72800,100.53320,32.0,251.7,15.0,0,1,1433091600,30
291,Od000017,13.75560,100.56660,0.0,311.5,15.0,1,0,1433091600,30
292,tV000048,13.85480,100.53940,15.0,347.2,15.0,0,1,1433091600,30
293,rB000033,14.00783,100.63870,0.0,0.0,15.0,1,0,1433091600,30
294,Rk000001,13.74280,100.42180,0.0,178.9,15.0,1,1,1433091601,30
295,o3000058,13.79440,100.45500,0.0,262.0,15.0,1,1,1433091600,30
296,DC000008,13.71090,100.47000,3.0,18.9,15.0,1,1,1433091600,30
297,KO000016,13.76530,100.50260,0.0,276.5,15.0,1,1,1433091600,30
298,jj000001,13.87140,100.63260,0.0,280.4,15.0,1,0,1433091600,30
299,UP000440,13.74550,100.52020,0.0,13.7,15.0,1,0,1433091601,30
300,353419036168024,13.70525,100.60195,15.0,163.8,1.8,0,0,1433091600,8
301,j6000039,14.05640,101.37630,0.0,173.4,15.0,1,0,1433091600,30
302,Wo000002,13.70540,100.34290,8.0,85.8,15.0,0,1,1433091601,30
303,tq000022,0.00000,0.00000,0.0,187.1,0.0,1,0,1433091601,30
304,of000006,13.96730,100.74460,0.0,0.0,15.0,1,0,1433091600,30
305,353419036161318,13.87635,100.43847,56.0,86.6,1.8,0,1,1433091600,8
306,Z0000157,13.82590,100.40950,0.0,245.8,15.0,1,0,1433091600,30
307,a3000028,13.78120,100.57370,32.0,3.0,15.0,0,0,1433091600,30
308,UP000467,13.56660,100.61510,0.0,137.6,15.0,1,1,1433091601,30
309,tq000113,13.93130,100.41560,0.0,0.0,15.0,1,0,1433091601,30
310,Wo000005,13.67149,100.44295,0.0,0.0,0.0,0,0,1433091600,30
311,DV000044,13.62430,100.27910,0.0,190.0,15.0,1,1,1433091601,30
312,tV000055,13.91450,100.40530,38.0,93.6,15.0,0,0,1433091600,30
313,Uj000062,13.84740,100.71890,0.0,138.3,15.0,1,0,1433091601,30
314,UP001010,13.74050,100.49770,7.0,336.8,15.0,0,0,1433091600,30
315,Uj000017,13.68350,100.43950,0.0,60.9,15.0,1,0,1433091601,30
316,UP000403,13.74710,100.32450,0.0,331.0,15.0,1,0,1433091601,30
317,tV000010,13.74343,100.29893,0.0,0.0,0.0,0,0,1433091600,30
318,UP000164,13.82680,100.49280,0.0,117.2,15.0,0,1,1433091600,30
319,UP000255,13.93370,100.51620,0.0,285.8,15.0,1,0,1433091600,30
320,N5000010,13.68530,100.42120,0.0,8.0,15.0,1,0,1433091601,30
321,UP001054,13.75200,100.56400,51.0,8.6,15.0,0,0,1433091600,30
322,V3000002,13.70470,100.48940,1.0,6.7,15.0,1,0,1433091600,30
323,Z0000175,13.78440,100.47190,0.0,110.8,15.0,1,0,1433091600,30
324,8Y000004,13.87510,100.54890,0.0,12.5,15.0,1,0,1433091600,30
325,UP000413,13.58330,100.79720,35.0,0.8,15.0,0,1,1433091601,30
326,353419036152333,13.80048,100.55229,38.0,27.2,1.8,0,0,1433091602,8
327,353419036148661,13.74757,100.53805,9.0,22.0,4.3,0,1,1433091601,8
328,UP000962,13.73800,100.78960,77.0,42.0,15.0,0,1,1433091600,30
329,o3000018,13.77040,100.48450,55.0,144.0,15.0,0,1,1433091603,30
330,UP000156,13.78010,100.36360,62.0,0.5,15.0,0,1,1433091600,30
331,Ki000057,13.67060,100.49800,0.0,65.3,15.0,2,0,1433091601,30
332,tq000135,13.87000,100.48590,82.0,292.1,15.0,0,1,1433091672,30
333,tq000270,13.83224,100.47166,0.0,0.0,0.0,1,1,1433091600,30
334,62000011,13.77160,100.73160,0.0,258.0,15.0,1,0,1433091601,30
335,tV000103,13.79710,100.45730,0.0,265.0,15.0,1,0,1433091600,30
336,yK000001,13.83470,100.53990,45.0,13.4,15.0,0,1,1433091600,30
337,Ed000055,13.57850,100.65070,0.0,0.0,15.0,1,0,1433091600,30
338,Od000012,13.76620,100.53890,0.0,26.3,15.0,0,1,1433091601,30
339,WU000012,13.63730,100.37310,0.0,84.2,15.0,1,0,1433091601,30
340,Z0000053,13.90810,100.42860,0.0,0.0,15.0,1,1,1433091600,30
341,kU000015,13.76920,100.48540,37.0,131.5,15.0,0,0,1433091601,30
342,Z0000148,13.66715,100.44843,0.0,0.0,0.0,1,0,1433091600,30
343,rB000170,13.98510,100.67446,0.0,0.0,0.0,1,0,1433091601,30
344,UP000133,13.76300,100.56760,52.0,37.2,15.0,0,1,1433091601,30
345,EN000102,13.84040,100.55430,0.0,82.2,15.0,1,0,1433091601,30
346,RS000002,13.68690,100.42630,0.0,237.6,15.0,0,1,1433091601,30
347,fN000053,13.90870,100.79000,0.0,6.8,15.0,1,1,1433091601,30
348,qN000017,13.76250,100.56750,65.0,215.8,15.0,0,1,1433091601,30
349,Z6000005,13.62800,100.63600,44.0,291.4,15.0,0,0,1433091600,30
350,rB000192,13.67540,100.68020,14.0,19.3,15.0,1,0,1433091601,30
351,UP001063,13.82090,100.27990,0.0,0.0,15.0,1,0,1433091600,30
352,v7000006,13.67660,100.29690,0.0,0.0,15.0,1,0,1433091600,30
353,Z0000400,14.79630,100.61080,0.0,210.4,15.0,1,0,1433091600,30
354,1G000007,13.69260,100.54720,45.0,354.9,15.0,0,1,1433091602,30
355,UP000262,13.94320,100.59610,0.0,0.0,15.0,1,0,1433091601,30
356,359772031008585,13.74265,100.40280,0.0,-1.0,0.0,1,2,1433091600,4
357,359772031004972,7.87743,98.29891,0.0,-1.0,0.0,1,2,1433091600,4
358,a3000024,13.73640,100.61650,10.0,84.3,15.0,0,1,1433091601,30
359,BM000019,13.63590,100.52680,0.0,0.0,15.0,1,1,1433091601,30
360,UP000809,13.70549,100.59845,0.0,0.0,0.0,1,0,1433091600,30
361,of000004,13.72190,100.71000,0.0,335.3,15.0,1,0,1433091601,30
362,gc000001,13.87210,100.60030,103.0,299.0,15.0,0,0,1433091601,30
363,1D000001,13.75740,100.64560,0.0,0.0,15.0,1,0,1433091600,30
364,cs000019,13.75570,100.56700,0.0,265.7,15.0,0,1,1433091600,30
365,km000002,13.79170,100.60850,0.0,190.4,15.0,0,1,1433091601,30
366,vU000001,7.91590,98.37570,0.0,98.2,15.0,1,1,1433091601,30
367,fN000030,13.85830,100.40700,0.0,292.6,15.0,1,0,1433091600,30
368,xf000001,13.65600,100.42990,34.0,352.4,15.0,0,1,1433091602,30
369,42000018,13.67570,100.46190,67.0,238.0,15.0,0,0,1433091601,30
370,kU000024,13.74068,100.50169,0.0,0.0,0.0,0,1,1433091601,30
371,UP000794,13.93590,100.61030,98.0,209.9,15.0,0,1,1433091601,30
372,9P000009,13.82530,100.71970,0.0,83.5,15.0,1,1,1433091601,30
373,d7000007,13.64460,100.60430,0.0,85.7,15.0,1,0,1433091601,30
374,EN000179,13.88710,100.51220,0.0,0.0,15.0,1,0,1433091601,30
375,6G000001,13.74243,100.48617,0.0,0.0,0.0,1,1,1433091601,30
376,UP001025,13.87240,100.52270,0.0,89.7,15.0,0,1,1433091601,30
377,lE000002,13.96360,100.48310,0.0,272.2,15.0,1,0,1433091601,30
378,2H000058,13.72350,100.59561,0.0,0.0,0.0,1,0,1433091602,30
379,pb000003,13.37060,101.01878,76.0,9.5,15.0,0,1,1433091603,30
380,o1000004,13.83700,100.66650,0.0,86.3,15.0,1,0,1433091600,30
381,8h000015,13.59800,100.59810,4.0,312.9,15.0,0,1,1433091601,30
382,353419036164767,13.79095,100.60056,54.0,300.1,1.8,0,1,1433091602,8
383,QL000018,13.74221,100.55178,0.0,0.0,0.0,0,1,1433091601,30
384,tq000249,14.43152,100.54396,0.0,0.0,0.0,1,1,1433091601,30
385,rB000083,14.05217,100.86950,0.0,0.0,15.0,1,1,1433091601,30
386,a3000009,13.61370,100.59200,0.0,308.6,15.0,0,1,1433091600,30
387,Z0000333,13.82300,100.57360,108.0,327.6,15.0,0,0,1433091601,30
388,353419036191802,13.82300,100.62660,54.0,22.6,1.8,0,0,1433091600,8
389,bN000029,16.42450,102.77650,0.0,0.0,15.0,1,0,1433091601,30
390,dN000008,13.92430,100.41900,0.0,125.8,15.0,1,0,1433091601,30
391,tq000110,0.00000,0.00000,0.0,0.0,0.0,1,0,1433091603,30
392,O0000010,13.68970,100.52160,0.0,10.0,15.0,1,0,1433091601,30
393,es000002,13.59450,100.49740,0.0,253.9,15.0,1,1,1433091602,30
394,bN000050,16.40460,102.72560,0.0,0.0,15.0,1,1,1433091601,30
395,cs000007,13.75500,100.56440,0.0,355.0,15.0,1,1,1433091601,30
396,UP000073,13.71880,100.51940,0.0,105.5,15.0,0,1,1433091601,30
397,UP000934,13.76030,100.51770,0.0,193.7,15.0,1,0,1433091601,30
398,bO000007,13.64170,100.63520,75.0,210.1,15.0,0,1,1433091601,30
399,353419036146467,13.77408,100.56954,25.0,292.9,4.4,0,1,1433091600,8
400,353419036173115,13.89578,100.55248,32.0,290.8,2.6,0,0,1433091601,8
401,Z0000165,14.74260,102.17820,117.0,265.2,15.0,0,0,1433091600,30
402,UP000638,13.75370,100.61210,56.0,225.6,15.0,0,1,1433091602,30
403,Z0000214,13.81262,100.71789,0.0,0.0,0.0,1,0,1433091601,30
404,2H000016,13.61290,100.66390,49.0,287.8,15.0,0,1,1433091603,30
405,UP000866,13.59880,100.33340,0.0,92.6,15.0,1,0,1433091601,30
406,tq000323,13.82890,100.52900,48.0,47.5,15.0,0,1,1433091601,30
407,o1000009,13.79680,100.70960,0.0,70.1,15.0,0,1,1433091602,30
408,fN000013,13.93290,100.56730,7.0,286.2,15.0,0,0,1433091601,30
409,h8000026,13.70350,100.39880,0.0,101.5,15.0,1,0,1433091601,30
410,KO000006,13.73940,100.48110,0.0,87.1,15.0,1,1,1433091602,30
411,UP000607,13.71210,100.33700,0.0,221.7,15.0,1,0,1433091602,30
412,rB000099,13.87150,100.59420,72.0,30.2,15.0,0,1,1433091601,30
413,KO000007,13.73030,100.46350,0.0,0.0,15.0,1,1,1433091602,30
414,4o000006,13.69800,100.34140,0.0,0.0,15.0,1,1,1433091601,30
415,3D000011,13.69620,100.38910,38.0,72.4,15.0,0,1,1433091602,30
416,or000009,13.79270,100.63690,0.0,173.5,15.0,1,1,1433091602,30
417,UP000623,13.64910,100.47410,0.0,333.4,15.0,1,1,1433091602,30
418,8h000010,12.91360,99.85790,0.0,65.5,15.0,1,0,1433091601,30
419,Z0000083,13.86170,100.43710,0.0,0.0,15.0,1,1,1433091601,30
420,UP000993,13.80290,100.71350,62.0,150.9,15.0,0,0,1433091602,30
421,kU000022,13.75780,100.49710,0.0,105.0,15.0,1,0,1433091602,30
422,9V000007,14.14870,100.62340,0.0,0.0,15.0,1,1,1433091601,30
423,xG000014,13.74410,100.55340,0.0,208.8,15.0,0,1,1433091602,30
424,tq000259,13.76720,100.50720,68.0,25.2,15.0,0,0,1433091603,30
425,X5000004,13.56510,100.67580,37.0,102.8,15.0,0,1,1433091601,30
426,ml000005,13.92580,100.63600,0.0,118.3,15.0,1,0,1433091602,30
427,Z0000025,13.79760,100.45950,0.0,148.8,15.0,1,1,1433091602,30
428,SE000028,13.70090,100.39350,0.0,5.7,15.0,1,1,1433091602,30
429,kU000027,13.79570,100.41050,37.0,183.8,15.0,0,1,1433091600,30
430,Uj000029,13.78000,100.79000,0.0,307.9,15.0,1,0,1433091602,30
431,tq000356,13.71170,100.59610,54.0,126.4,15.0,0,0,1433091601,30
432,Z0000176,13.89460,100.46200,0.0,0.0,15.0,1,0,1433091601,30
433,863835020529777,13.74167,100.54160,0.0,155.0,3.8,0,2,1433091601,21
434,863835020534256,13.72583,100.58422,3.0,138.0,1.7,0,2,1433091600,21
435,863835020533654,13.72938,100.56539,0.0,110.0,6.1,0,2,1433091603,21
436,863835020684499,13.73082,100.58254,0.0,109.0,2.3,0,2,1433091609,21
437,863835020534611,13.73445,100.58065,1.0,159.0,17.0,1,2,1433091601,21
438,863835020302365,13.73644,100.56308,0.0,178.0,1.4,0,2,1433091605,21
439,863835020534702,13.73670,100.57542,0.0,307.0,1.3,0,2,1433091601,21
440,863835020683723,13.72447,100.56559,0.0,123.0,9.7,0,2,1433091601,21
441,863835020531500,13.72724,100.56736,0.0,229.0,1.9,0,2,1433091602,21
442,qw000009,13.69560,100.54630,0.0,0.0,15.0,1,0,1433091601,30
443,Uj000021,13.74740,100.57310,0.0,102.3,15.0,0,1,1433091602,30
444,4f000006,13.93070,100.35020,0.0,44.8,15.0,1,0,1433091601,30
445,Z0000314,13.80150,100.27500,0.0,337.6,15.0,1,0,1433091601,30
446,UP000470,13.79340,100.56120,92.0,354.9,15.0,0,0,1433091602,30
447,fN000077,0.00000,0.00000,5.0,232.3,0.0,1,0,1433091602,30
448,Z0000316,13.81520,100.56130,59.0,209.7,15.0,0,1,1433091601,30
449,tq000334,13.85630,100.54220,0.0,288.5,15.0,1,1,1433091601,30
450,Z0000339,13.68650,100.64660,37.0,4.9,15.0,0,1,1433091601,30
451,DC000004,13.72580,100.48670,49.0,25.7,15.0,0,1,1433091601,30
452,rB000124,13.70870,100.35110,0.0,205.2,15.0,1,0,1433091602,30
453,Ht000017,13.83620,100.47140,0.0,0.0,15.0,1,1,1433091601,30
454,Qs000017,13.70920,100.54810,0.0,149.6,15.0,1,1,1433091602,30
455,UP000408,13.75730,100.45660,0.0,132.2,15.0,1,1,1433091602,30
456,MH000013,13.60660,100.60140,0.0,68.1,15.0,1,0,1433091601,30
457,Tr000002,13.75710,100.61520,93.0,224.3,15.0,0,0,1433091601,30
458,Ht000034,13.73850,100.25960,0.0,182.4,15.0,1,1,1433091600,30
459,Ed000022,13.57890,100.56350,0.0,0.0,15.0,1,0,1433091601,30
460,tq000089,13.82620,100.48400,0.0,276.2,15.0,1,1,1433091602,30
461,Cw000003,13.71930,100.61030,0.0,0.0,15.0,1,1,1433091602,30
462,tq000192,13.79110,100.77620,7.0,275.3,15.0,0,1,1433091602,30
463,Bp000001,13.72650,100.50060,0.0,144.2,15.0,1,1,1433091602,30
464,Ki000074,13.66970,100.52150,0.0,326.1,15.0,1,1,1433091602,30
465,JX000007,14.63760,101.15030,86.0,281.6,15.0,0,1,1433091602,30
466,tV000063,13.67080,100.62050,69.0,100.6,15.0,0,0,1433091601,30
467,Qs000004,13.94350,100.53820,0.0,163.9,15.0,1,0,1433091602,30
468,tq000053,13.73080,100.53690,0.0,210.5,15.0,0,1,1433091602,30
469,DV000041,13.84010,100.34840,27.0,79.3,15.0,0,1,1433091603,30
470,UP000592,13.93790,100.36340,0.0,225.3,15.0,1,0,1433091602,30
471,h8000024,13.94630,100.63240,0.0,262.2,15.0,1,0,1433091602,30
472,Uk000012,13.71700,100.44750,0.0,188.5,15.0,1,0,1433091602,30
473,Z0000424,13.69870,100.54570,72.0,345.4,15.0,0,1,1433091601,30
474,UP000260,14.00674,100.55700,0.0,176.1,15.0,1,0,1433091602,30
475,10013005,13.81563,100.56143,80.0,28.0,0.0,0,1,1433091600,9
476,10014095,13.66112,100.64350,40.0,190.0,0.0,0,0,1433091600,9
477,10014801,13.67122,100.61963,0.0,68.0,0.0,0,0,1433091600,9
478,10014129,13.65147,100.42267,96.0,52.0,0.0,0,1,1433091600,9
479,10013529,13.70953,100.39367,76.0,208.0,0.0,0,1,1433091601,9
480,16100191,8.10992,98.31647,0.0,0.0,0.0,1,1,1433091601,9
481,10012400,13.75768,100.50425,10.0,140.0,0.0,0,0,1433091600,9
482,10013482,13.74485,100.47020,20.0,12.0,0.0,0,1,1433091600,9
483,16100381,8.00697,98.34977,0.0,0.0,0.0,1,1,1433091601,9
484,16100433,7.88350,98.39435,0.0,0.0,0.0,1,1,1433091600,9
485,10014615,13.70393,100.64568,64.0,30.0,0.0,0,0,1433091600,9
486,10013123,13.74715,100.55398,40.0,190.0,0.0,0,0,1433091600,9
487,16005512,13.63412,100.70987,30.0,296.0,0.0,0,0,1433091601,9
488,10017297,13.67145,100.64557,98.0,188.0,0.0,0,1,1433091600,9
489,16011074,13.79462,100.32752,0.0,0.0,0.0,0,1,1433091601,9
490,10014636,13.74240,100.63398,82.0,200.0,0.0,0,1,1433091601,9
491,16005212,13.69970,100.46463,0.0,0.0,0.0,1,1,1433091601,9
492,10012044,13.89432,100.60788,52.0,210.0,0.0,0,0,1433091601,9
493,10016054,13.66172,100.41573,68.0,56.0,0.0,0,1,1433091600,9
494,10016795,13.66422,100.44330,0.0,64.0,0.0,1,1,1433091600,9
495,16005688,13.77053,100.64478,0.0,0.0,0.0,1,1,1433091600,9
496,10012010,13.54870,100.61687,66.0,156.0,0.0,0,0,1433091600,9
497,16005212,13.69970,100.46463,0.0,0.0,0.0,1,1,1433091601,9
498,16005796,14.66288,102.18227,0.0,0.0,0.0,1,1,1433091601,9
499,10013059,13.73392,100.64117,66.0,176.0,0.0,0,0,1433091600,9
500,10015646,13.74103,100.46688,8.0,148.0,0.0,0,0,1433091600,9
501,10013732,13.71780,100.66275,72.0,204.0,0.0,0,1,1433091601,9
502,10012280,13.73367,100.52898,42.0,188.0,0.0,0,0,1433091600,9
503,10014225,13.66123,100.60530,0.0,204.0,0.0,1,1,1433091601,9
504,10015178,13.85783,100.53293,16.0,104.0,0.0,0,1,1433091600,9
505,16005049,13.70540,100.34365,30.0,265.0,0.0,0,1,1433091601,9
506,16005420,13.57292,100.64260,0.0,0.0,0.0,1,1,1433091601,9
507,16005721,13.56110,100.58587,0.0,0.0,0.0,1,1,1433091601,9
508,10016114,13.77082,100.62175,16.0,164.0,0.0,0,0,1433091600,9
509,10017313,13.70042,100.49290,62.0,122.0,0.0,0,0,1433091600,9
510,10016313,13.73727,100.35925,28.0,18.0,0.0,0,1,1433091600,9
511,10012277,13.75850,100.56537,40.0,12.0,0.0,0,0,1433091600,9
512,16005570,13.71870,100.71327,0.0,0.0,0.0,1,1,1433091601,9
513,16005639,13.85190,100.83792,0.0,0.0,0.0,1,1,1433091601,9
514,16005846,13.73558,100.59785,11.0,13.0,0.0,0,1,1433091601,9
515,10016762,15.54263,103.39818,84.0,24.0,0.0,0,1,1433091601,9
516,10015442,13.78522,100.60868,0.0,198.0,0.0,0,0,1433091600,9
517,10017025,13.83402,100.57632,46.0,78.0,0.0,0,1,1433091601,9
518,10013340,13.72318,100.58015,6.0,138.0,0.0,0,0,1433091601,9
519,10016851,13.75582,100.56490,38.0,192.0,0.0,0,1,1433091600,9
520,16100112,8.10958,98.30985,0.0,0.0,0.0,1,1,1433091600,9
521,10017293,13.63873,100.50933,26.0,248.0,0.0,0,1,1433091600,9
522,10016270,13.87220,100.54883,20.0,12.0,0.0,0,0,1433091601,9
523,10015803,13.64390,100.59992,42.0,234.0,0.0,0,0,1433091600,9
524,10012249,13.86492,100.61345,60.0,242.0,0.0,0,0,1433091601,9
525,16005840,13.77435,100.56310,0.0,0.0,0.0,1,1,1433091601,9
526,10015977,13.57900,100.74425,24.0,24.0,0.0,0,1,1433091600,9
527,10012476,13.93243,100.60853,118.0,208.0,0.0,0,1,1433091601,9
528,16005167,13.73850,100.56402,0.0,0.0,0.0,1,1,1433091601,9
529,10012939,13.72195,100.58162,8.0,348.0,0.0,0,0,1433091601,9
530,10013454,14.06673,100.68938,78.0,214.0,0.0,0,0,1433091600,9
531,10016087,13.70943,100.60058,28.0,240.0,0.0,0,0,1433091600,9
532,10012525,13.84272,100.41262,56.0,38.0,0.0,0,1,1433091600,9
533,10013900,13.86105,100.72223,68.0,4.0,0.0,0,0,1433091601,9
534,10016818,13.67545,100.68020,14.0,20.0,0.0,0,1,1433091601,9
535,16014544,13.79867,100.50937,36.0,33.0,0.0,0,1,1433091601,9
536,10012916,13.74935,100.55940,16.0,226.0,0.0,0,0,1433091600,9
537,16011070,13.80562,100.60537,0.0,0.0,0.0,0,1,1433091602,9
538,16005139,13.87057,100.42058,0.0,0.0,0.0,1,1,1433091601,9
539,16005209,13.72150,100.39617,0.0,0.0,0.0,1,1,1433091601,9
540,16005946,13.99890,100.68037,10.0,4.0,0.0,0,1,1433091601,9
541,16011064,13.92577,100.51938,0.0,0.0,0.0,1,1,1433091601,9
542,16014577,13.92587,100.51947,0.0,0.0,0.0,1,1,1433091601,9
543,10011328,13.66608,100.50405,32.0,16.0,0.0,0,0,1433091601,9
544,10015404,13.85233,100.56382,76.0,26.0,0.0,0,1,1433091601,9
545,16006037,13.76163,100.54528,0.0,0.0,0.0,1,1,1433091601,9
546,16005002,13.73950,100.42668,0.0,0.0,0.0,1,1,1433091601,9
547,10017252,13.72738,100.54205,50.0,110.0,0.0,0,0,1433091601,9
548,16005125,13.71122,100.76642,0.0,0.0,0.0,1,1,1433091601,9
549,16005092,13.68627,100.48662,0.0,0.0,0.0,1,0,1433091602,9
550,16005813,14.02785,100.61057,0.0,0.0,0.0,1,1,1433091601,9
551,10014672,13.82123,100.59767,0.0,24.0,0.0,1,1,1433091600,9
552,10016175,13.93432,100.57875,20.0,108.0,0.0,0,1,1433091601,9
553,10016077,13.59428,100.59752,30.0,182.0,0.0,0,1,1433091601,9
554,10017016,13.77218,100.57982,26.0,242.0,0.0,0,0,1433091601,9
555,10015655,9.08555,99.32843,0.0,32.0,0.0,1,1,1433091601,9
556,10012900,13.58405,100.59588,42.0,236.0,0.0,0,0,1433091601,9
557,10011269,13.73665,100.32943,72.0,302.0,0.0,0,1,1433091601,9
558,10015378,13.70623,100.37437,44.0,154.0,0.0,0,1,1433091601,9
559,10016649,13.81390,100.59620,38.0,0.0,0.0,0,0,1433091601,9
560,16014582,13.81057,100.56547,51.0,301.0,0.0,0,0,1433091601,9
561,10014893,13.90612,100.65098,0.0,192.0,0.0,1,1,1433091601,9
562,16005633,13.91822,100.69387,0.0,0.0,0.0,1,1,1433091601,9
563,10013686,13.61647,100.28992,70.0,198.0,0.0,0,0,1433091601,9
564,16005364,13.64957,100.78913,0.0,0.0,0.0,1,1,1433091601,9
565,16005399,13.65428,100.63320,0.0,0.0,0.0,1,1,1433091602,9
566,16100072,7.87843,98.38850,0.0,0.0,0.0,1,1,1433091602,9
567,10014528,13.72642,100.50905,46.0,176.0,0.0,0,0,1433091601,9
568,10014204,13.74217,100.49688,14.0,230.0,0.0,0,0,1433091601,9
569,10015064,13.78042,100.43333,100.0,220.0,0.0,0,1,1433091601,9
570,10013714,13.66960,100.45155,70.0,240.0,0.0,0,1,1433091601,9
571,10015909,13.70617,100.64523,62.0,30.0,0.0,0,1,1433091601,9
572,10015081,13.89830,100.50728,84.0,158.0,0.0,0,1,1433091601,9
573,10017000,13.74923,100.56355,0.0,192.0,0.0,0,1,1433091600,9
574,10014013,13.66545,100.64757,58.0,100.0,0.0,0,1,1433091600,9
575,10014459,13.71042,100.40513,54.0,208.0,0.0,0,1,1433091601,9
576,16100360,7.85828,98.36425,0.0,0.0,0.0,1,1,1433091601,9
577,16005397,13.75495,100.47593,0.0,0.0,0.0,1,1,1433091601,9
578,10014946,13.64950,100.70295,12.0,212.0,0.0,0,0,1433091601,9
579,16005020,13.83293,100.34927,0.0,0.0,0.0,1,1,1433091601,9
580,10014209,13.75670,100.46908,6.0,38.0,0.0,0,0,1433091601,9
581,16005615,13.80248,100.73502,0.0,0.0,0.0,0,0,1433091602,9
582,16100200,7.81680,98.30758,0.0,0.0,0.0,1,1,1433091602,9
583,10015968,13.70692,100.34325,30.0,20.0,0.0,0,1,1433091601,9
584,10013999,14.46328,100.37045,0.0,22.0,0.0,1,1,1433091601,9
585,10017312,13.92825,100.52857,82.0,228.0,0.0,0,1,1433091601,9
586,10017045,13.74182,100.47180,0.0,90.0,0.0,1,1,1433091600,9
587,16100350,7.88237,98.29910,0.0,0.0,0.0,1,1,1433091602,9
588,10014748,13.67240,100.49485,0.0,232.0,0.0,1,1,1433091601,9
589,16005934,13.60427,100.59647,33.0,160.0,0.0,0,1,1433091601,9
590,10014008,13.87435,100.57633,46.0,210.0,0.0,0,0,1433091601,9
591,10014597,13.76422,100.54775,40.0,38.0,0.0,0,1,1433091601,9
592,10014790,13.73570,100.49925,10.0,356.0,0.0,0,1,1433091601,9
593,10016312,13.71188,100.40685,46.0,232.0,0.0,0,0,1433091601,9
594,10012817,13.75608,100.57317,36.0,26.0,0.0,0,1,1433091601,9
595,10013304,13.64978,100.51442,32.0,132.0,0.0,0,0,1433091601,9
596,10012307,13.74240,100.63872,70.0,100.0,0.0,0,0,1433091601,9
597,10013050,13.84668,100.53303,16.0,206.0,0.0,0,1,1433091601,9
598,10012237,6.98542,100.43832,0.0,8.0,0.0,1,1,1433091601,9
599,10014952,13.72333,100.54030,0.0,94.0,0.0,1,1,1433091601,9
600,10013671,13.64320,100.25875,38.0,172.0,0.0,0,1,1433091601,9
601,10017298,13.70038,100.59697,2.0,160.0,0.0,0,0,1433091601,9
602,10015100,13.76918,100.63958,80.0,344.0,0.0,0,1,1433091601,9
603,16005529,13.95862,100.36940,0.0,0.0,0.0,1,1,1433091602,9
604,16005323,13.93240,100.38898,0.0,0.0,0.0,0,0,1433091602,9
605,16005613,13.58877,100.78502,78.0,283.0,0.0,0,0,1433091602,9
606,10012235,13.68890,100.42475,30.0,12.0,0.0,0,1,1433091601,9
607,10015641,13.75802,100.53425,70.0,234.0,0.0,0,1,1433091601,9
608,10012460,13.72117,100.52760,24.0,74.0,0.0,0,1,1433091601,9
609,10016471,13.75642,100.52338,22.0,44.0,0.0,0,1,1433091601,9
610,10016308,13.72313,100.54015,0.0,6.0,0.0,1,1,1433091601,9
611,10011170,13.78903,100.66938,8.0,146.0,0.0,0,0,1433091601,9
612,16005089,13.68182,100.64555,0.0,0.0,0.0,1,1,1433091602,9
613,10016997,13.73827,100.56238,0.0,156.0,0.0,1,1,1433091601,9
614,10015940,13.73975,100.56470,42.0,60.0,0.0,1,1,1433091600,9
615,16005342,13.83680,100.57360,21.0,24.0,0.0,0,0,1433091602,9
616,16005583,13.64842,100.78900,0.0,0.0,0.0,1,0,1433091602,9
617,16005715,13.75912,100.23213,0.0,0.0,0.0,1,1,1433091602,9
618,10010002,12.92275,100.87612,0.0,0.0,0.0,1,1,1433091602,9
619,10015976,13.68982,100.37008,52.0,250.0,0.0,0,0,1433091601,9
620,10016615,13.72410,100.51492,0.0,24.0,0.0,1,1,1433091601,9
621,10012936,13.72418,100.51500,0.0,234.0,0.0,1,1,1433091600,9
622,10016441,13.72095,100.42820,44.0,180.0,0.0,0,1,1433091601,9
623,10016880,13.72402,100.51443,0.0,350.0,0.0,1,1,1433091601,9
624,16100319,7.81367,98.39097,0.0,0.0,0.0,1,1,1433091602,9
625,16005068,13.72190,100.80230,53.0,110.0,0.0,0,1,1433091602,9
626,10014669,13.80877,100.55998,80.0,174.0,0.0,0,1,1433091601,9
627,16003608,13.80968,100.49960,0.0,0.0,0.0,1,1,1433091602,9
628,10014504,13.73328,100.32975,68.0,178.0,0.0,0,0,1433091600,9
629,10017260,13.76067,100.62693,22.0,88.0,0.0,0,0,1433091602,9
630,16003662,13.78898,100.55417,16.0,265.0,0.0,0,0,1433091602,9
631,10016975,13.98568,100.59905,76.0,80.0,0.0,0,0,1433091601,9
632,16100046,7.87307,98.42888,0.0,0.0,0.0,1,1,1433091602,9
633,10016265,13.73205,100.49500,48.0,18.0,0.0,0,0,1433091601,9
634,16014579,13.99093,100.56248,0.0,0.0,0.0,0,0,1433091602,9
635,10012388,13.74007,100.51050,16.0,348.0,0.0,0,0,1433091602,9
636,16005333,13.85238,100.51247,0.0,0.0,0.0,1,1,1433091602,9
637,10016608,13.70452,100.33038,58.0,84.0,0.0,0,0,1433091601,9
638,10016723,13.79530,100.51962,66.0,40.0,0.0,0,1,1433091602,9
639,16005902,13.71495,100.52890,0.0,0.0,0.0,1,1,1433091602,9
640,10016670,13.73047,100.72163,120.0,220.0,0.0,0,1,1433091602,9
641,10014205,13.74063,100.62600,76.0,202.0,0.0,0,0,1433091602,9
642,10014640,13.84128,100.44783,126.0,192.0,0.0,0,1,1433091601,9
643,10017037,13.75077,100.52167,40.0,6.0,0.0,0,1,1433091602,9
644,10016433,13.70997,100.55123,0.0,250.0,0.0,1,1,1433091601,9
645,10015190,13.76943,100.40730,66.0,6.0,0.0,0,1,1433091602,9
646,10015390,13.71417,100.47610,96.0,240.0,0.0,0,1,1433091602,9
647,10016476,13.75515,100.57830,54.0,92.0,0.0,0,1,1433091600,9
648,10017674,13.62982,100.40110,0.0,252.0,0.0,1,1,1433091600,9
649,10014416,13.91088,100.50755,84.0,48.0,0.0,0,1,1433091601,9
650,16005324,13.75792,100.55745,0.0,0.0,0.0,1,1,1433091603,9
651,10016355,13.73865,100.56237,0.0,130.0,0.0,1,1,1433091600,9
652,10011937,13.59765,100.73198,78.0,94.0,0.0,0,0,1433091602,9
653,10012942,13.84450,100.59953,44.0,66.0,0.0,0,1,1433091601,9
654,10016331,13.64950,100.59713,40.0,204.0,0.0,0,0,1433091601,9
655,16005705,13.89113,100.58572,76.0,209.0,0.0,0,1,1433091602,9
656,16005938,13.92972,100.42973,0.0,0.0,0.0,1,1,1433091602,9
657,10015884,13.80897,100.54827,52.0,200.0,0.0,0,0,1433091602,9
658,10013395,13.70933,100.40380,54.0,6.0,0.0,0,1,1433091602,9
659,10017014,13.72415,100.51490,0.0,122.0,0.0,1,1,1433091600,9
660,10015032,13.60832,100.68205,50.0,226.0,0.0,0,1,1433091601,9
661,16005669,13.59547,100.70515,0.0,0.0,0.0,1,1,1433091602,9
662,10016596,13.94750,100.62288,92.0,168.0,0.0,0,1,1433091600,9
663,10016353,13.72848,100.51442,20.0,248.0,0.0,0,0,1433091600,9
664,16100471,7.86993,98.37733,0.0,0.0,0.0,1,1,1433091602,9
665,10016242,13.74743,100.44752,62.0,32.0,0.0,0,1,1433091602,9
666,16005698,13.79303,100.60823,0.0,0.0,0.0,0,1,1433091602,9
667,10012385,13.82922,100.55368,60.0,244.0,0.0,0,0,1433091602,9
668,10012914,13.84772,100.69550,48.0,20.0,0.0,0,1,1433091601,9
669,10016663,13.63097,100.53298,82.0,66.0,0.0,0,0,1433091600,9
670,10013713,13.72525,100.52513,10.0,64.0,0.0,0,1,1433091602,9
671,10014135,13.76308,100.54398,98.0,352.0,0.0,0,1,1433091602,9
672,10015453,13.72422,100.51462,0.0,208.0,0.0,1,1,1433091601,9
673,10013416,13.88348,100.58315,86.0,118.0,0.0,0,1,1433091601,9
674,10016767,13.73193,100.58677,46.0,16.0,0.0,0,1,1433091601,9
675,10017148,13.73477,100.53843,40.0,20.0,0.0,0,0,1433091602,9
676,16005945,12.59932,102.10262,0.0,0.0,0.0,1,1,1433091602,9
677,16011036,13.71277,100.62652,0.0,0.0,0.0,1,1,1433091602,9
678,10015833,13.66388,100.44345,0.0,210.0,0.0,1,1,1433091601,9
679,10015745,13.78608,100.46257,44.0,74.0,0.0,0,1,1433091602,9
680,16005253,13.70700,100.58318,0.0,0.0,0.0,1,1,1433091602,9
681,10016605,13.71583,100.55647,62.0,42.0,0.0,0,1,1433091602,9
682,16003630,14.03863,100.66032,0.0,0.0,0.0,1,1,1433091602,9
683,10015699,13.82913,100.48817,52.0,62.0,0.0,0,0,1433091602,9
684,10012378,13.70788,100.37397,22.0,204.0,0.0,0,1,1433091602,9
685,10016858,13.74193,100.47165,0.0,96.0,0.0,1,1,1433091600,9
686,10016694,13.00682,101.20322,0.0,0.0,0.0,1,1,1433091602,9
687,16005927,13.85472,100.86268,0.0,0.0,0.0,1,1,1433091602,9
688,10017200,13.64252,100.37675,56.0,50.0,0.0,0,1,1433091601,9
689,10016995,13.59625,100.37128,0.0,224.0,0.0,1,1,1433091601,9
690,10016865,13.66440,100.44407,0.0,242.0,0.0,1,1,1433091600,9
691,16014552,15.66227,102.52585,0.0,0.0,0.0,1,1,1433091602,9
692,10014545,14.16752,100.58692,60.0,64.0,0.0,0,1,1433091600,9
693,10015022,13.71215,100.76992,12.0,216.0,0.0,0,0,1433091602,9
694,16005043,13.65573,100.38883,0.0,0.0,0.0,1,1,1433091602,9
695,10014871,15.19840,102.35127,0.0,198.0,0.0,0,1,1433091600,9
696,10011935,13.83042,100.53978,44.0,94.0,0.0,0,1,1433091602,9
697,16005998,13.87977,100.61127,0.0,0.0,0.0,1,1,1433091602,9
698,16100369,7.86682,98.35638,38.0,304.0,0.0,0,0,1433091602,9
699,10016664,13.72528,100.52543,44.0,252.0,0.0,0,0,1433091602,9
700,16011058,13.91850,100.55593,0.0,0.0,0.0,1,1,1433091603,9
701,10016457,13.79715,100.41062,98.0,184.0,0.0,0,0,1433091601,9
702,16005310,13.74803,100.55420,0.0,0.0,0.0,1,1,1433091602,9
703,10015838,13.65597,100.40483,80.0,2.0,0.0,0,1,1433091602,9
704,10013031,13.67818,100.63037,34.0,92.0,0.0,0,0,1433091602,9
705,10014179,13.82995,100.54883,68.0,212.0,0.0,0,1,1433091601,9
706,10013500,13.79002,100.57337,4.0,162.0,0.0,0,1,1433091602,9
707,10014811,13.64320,100.38965,0.0,250.0,0.0,1,1,1433091602,9
708,10008773,13.62230,100.51035,50.0,4.0,0.0,0,0,1433091602,9
709,10013594,13.75628,100.46923,14.0,38.0,0.0,0,1,1433091601,9
710,10012183,13.73203,100.50213,28.0,198.0,0.0,0,0,1433091602,9
711,16100442,8.10735,98.30658,0.0,0.0,0.0,1,1,1433091602,9
712,10016638,13.80415,100.74130,72.0,152.0,0.0,0,1,1433091602,9
713,10016986,13.72432,100.51498,0.0,212.0,0.0,1,1,1433091600,9
714,10015724,13.75418,100.61235,110.0,224.0,0.0,0,1,1433091600,9
715,16014549,13.76257,100.54313,0.0,0.0,0.0,0,1,1433091603,9
716,10017191,13.78922,100.50230,40.0,236.0,0.0,0,1,1433091602,9
717,10016744,13.74573,100.54793,70.0,8.0,0.0,0,1,1433091600,9
718,16005227,13.64710,100.42067,0.0,0.0,0.0,1,1,1433091602,9
719,10016609,13.77775,100.60843,8.0,196.0,0.0,0,0,1433091602,9
720,10016876,13.62018,100.35047,70.0,44.0,0.0,0,0,1433091602,9
721,10013286,13.75398,100.58390,60.0,224.0,0.0,0,1,1433091602,9
722,16005958,17.32165,103.08540,0.0,0.0,0.0,1,1,1433091602,9
723,16005922,13.78123,100.55787,10.0,206.0,0.0,0,0,1433091603,9
724,10016499,13.73803,100.45015,32.0,84.0,0.0,0,0,1433091602,9
725,10016530,13.79517,100.57652,12.0,88.0,0.0,0,1,1433091602,9
726,10015040,13.74932,100.46998,10.0,192.0,0.0,0,0,1433091602,9
727,10014500,13.68537,100.32368,98.0,206.0,0.0,0,1,1433091602,9
728,10015265,6.98540,100.43835,0.0,300.0,0.0,1,1,1433091602,9
729,10014806,13.75122,100.60935,48.0,222.0,0.0,0,0,1433091602,9
730,10016137,13.75242,100.57192,72.0,80.0,0.0,0,0,1433091600,9
731,16005674,13.58213,100.64850,0.0,0.0,0.0,1,1,1433091602,9
732,16005152,13.67082,100.66677,0.0,0.0,0.0,1,1,1433091602,9
733,10016446,13.82043,100.63412,70.0,122.0,0.0,0,1,1433091602,9
734,10014442,13.63158,100.62883,24.0,30.0,0.0,0,0,1433091602,9
735,10014834,13.66803,100.43383,26.0,52.0,0.0,0,1,1433091602,9
736,10014003,13.89285,100.56113,86.0,234.0,0.0,0,1,1433091600,9
737,10016795,13.66422,100.44330,0.0,64.0,0.0,1,1,1433091601,9
738,16005577,13.78702,100.56890,0.0,0.0,0.0,1,1,1433091602,9
739,16014561,13.77535,100.52487,0.0,0.0,0.0,1,1,1433091602,9
740,10013151,13.82972,100.65865,54.0,202.0,0.0,0,0,1433091602,9
741,10017081,13.95847,100.62070,42.0,36.0,0.0,0,1,1433091601,9
742,16005242,13.74513,100.53778,35.0,114.0,0.0,0,0,1433091601,9
743,10013737,13.74167,100.35730,68.0,154.0,0.0,0,1,1433091602,9
744,10016262,13.68377,100.49705,6.0,4.0,0.0,0,0,1433091602,9
745,10014211,13.75028,100.59672,58.0,232.0,0.0,0,0,1433091602,9
746,16003622,13.84355,100.45953,0.0,0.0,0.0,1,1,1433091602,9
747,10015035,13.63028,100.43415,16.0,168.0,0.0,0,1,1433091602,9
748,10016164,13.63825,100.60737,72.0,354.0,0.0,0,1,1433091602,9
749,16100150,8.11048,98.31733,0.0,0.0,0.0,1,1,1433091603,9
750,10017179,13.71468,100.73983,94.0,26.0,0.0,0,0,1433091602,9
751,w1000029,13.71370,100.42880,0.0,252.7,15.0,1,0,1433091602,30
752,tc000004,13.82140,100.58030,25.0,272.1,15.0,0,1,1433091602,30
753,vT000001,13.88170,100.61320,0.0,65.5,15.0,1,1,1433091601,30
754,V1000005,13.58990,100.80180,0.0,274.6,15.0,1,0,1433091601,30
755,Tf000011,13.62200,100.61020,0.0,102.9,15.0,1,0,1433091602,30
756,353419036161250,13.80485,100.58720,21.0,273.6,1.8,0,1,1433091600,8
757,UP000847,13.79470,100.41611,0.0,0.0,0.0,1,1,1433091602,30
758,Z0000052,13.76650,100.56540,0.0,341.2,15.0,1,0,1433091601,30
759,ZZ000005,13.98270,100.62890,0.0,0.0,15.0,1,1,1433091602,30
760,UP000982,13.73800,100.25790,0.0,0.0,15.0,1,0,1433091602,30
761,9F000004,13.90430,100.63230,0.0,0.0,15.0,1,1,1433091601,30
762,tV000045,13.91370,100.40700,0.0,270.3,15.0,0,0,1433091602,30
763,353419036153471,13.82285,100.50953,23.0,50.3,1.8,0,1,1433091602,8
764,Ki000093,13.88170,100.53620,45.0,99.8,15.0,0,1,1433091601,30
765,Z0000041,13.77830,100.66380,0.0,326.4,15.0,0,1,1433091603,30
766,2k000001,13.82290,100.47230,0.0,191.4,15.0,1,0,1433091601,30
767,j8000001,13.92980,100.41360,0.0,0.0,15.0,1,1,1433091602,30
768,Z0000240,13.80550,100.55330,20.0,208.3,15.0,0,0,1433091602,30
769,bN000001,16.74690,102.91380,0.0,343.8,15.0,1,1,1433091601,30
770,fN000106,13.52860,100.65200,0.0,0.0,15.0,1,0,1433091603,30
771,cs000056,13.82260,100.60860,0.0,354.4,15.0,0,0,1433091601,30
772,tV000062,13.67080,100.62050,70.0,99.8,15.0,0,0,1433091601,30
773,9C000003,13.73663,100.56138,0.0,0.0,0.0,0,1,1433091602,30
774,rB000211,13.81230,100.81450,0.0,141.3,15.0,1,0,1433091602,30
775,Uj000001,13.81650,100.64320,31.0,60.6,15.0,0,0,1433091604,30
776,w1000019,13.69430,100.51240,0.0,212.9,15.0,1,0,1433091602,30
777,w1000033,13.74510,100.41640,0.0,0.0,15.0,1,0,1433091602,30
778,w1000004,13.60390,100.54530,0.0,1.3,15.0,1,1,1433091602,30
779,Z0000187,13.98820,100.61580,0.0,178.2,15.0,1,0,1433091602,30
780,j6000025,13.83320,100.63640,0.0,300.9,15.0,1,0,1433091602,30
781,Hr000015,13.75200,100.53510,42.0,292.4,15.0,0,1,1433091602,30
782,Tf000017,13.81800,100.52370,0.0,248.8,15.0,1,1,1433091602,30
783,Uk000015,12.71320,99.95340,88.0,180.8,15.0,0,1,1433091602,30
784,tV000091,13.74500,100.55650,0.0,288.1,15.0,1,1,1433091602,30
785,M3000011,13.58130,100.57070,0.0,0.0,15.0,1,0,1433091602,30
786,Ed000034,13.69210,100.60560,0.0,0.0,15.0,1,0,1433091602,30
787,353419036190598,13.76917,100.57250,8.0,29.9,1.7,0,1,1433091601,8
788,353419036172125,13.75602,100.56377,41.0,274.5,1.8,0,0,1433091600,8
789,353419036172125,13.75607,100.56342,36.0,278.7,1.8,0,0,1433091603,8
790,353419036178031,13.81759,100.62448,61.0,210.0,1.8,0,1,1433091601,8
791,353419036165335,13.92464,100.59582,40.0,104.7,1.8,0,1,1433091602,8
792,EN000166,14.62710,101.18740,0.0,357.3,15.0,1,0,1433091602,30
793,Ed000024,13.67640,100.50110,48.0,122.1,15.0,0,1,1433091602,30
794,6x000001,13.62250,100.76000,0.0,137.6,15.0,1,1,1433091602,30
795,UP000843,13.73663,100.56138,0.0,0.0,0.0,0,1,1433091602,30
796,9F000002,13.73940,100.52380,0.0,191.0,15.0,0,0,1433091602,30
797,353419036152499,13.72157,100.57652,14.0,15.3,1.7,1,0,1433091602,8
798,353419036166622,13.84314,100.63619,40.0,207.9,2.0,0,1,1433091600,8
799,353419036143886,14.19160,100.60986,10.0,260.2,1.6,0,1,1433091602,8
800,4f000007,13.88340,100.52340,0.0,0.0,15.0,1,0,1433091602,30
801,UP000123,13.84410,100.47910,0.0,34.1,15.0,1,1,1433091602,30
802,or000008,13.82540,100.56150,0.0,296.8,15.0,1,1,1433091603,30
803,Z0000309,13.85600,100.44010,0.0,84.2,15.0,1,0,1433091602,30
804,353419036157357,13.77895,100.53298,81.0,201.2,2.0,0,1,1433091602,8
805,353419036178791,13.84801,100.44826,61.0,2.0,1.6,0,1,1433091600,8
806,f3000001,0.00000,0.00000,0.0,175.5,0.0,1,0,1433091603,30
807,EN000176,14.29230,100.81510,0.0,289.4,15.0,1,0,1433091602,30
808,Dy000001,13.80770,100.57530,0.0,87.8,15.0,1,1,1433091602,30
809,xH000007,14.31450,100.41080,0.0,0.0,15.0,1,1,1433091602,30
810,UP000983,13.71680,99.98940,0.0,0.0,15.0,1,0,1433091602,30
811,rB000082,15.46280,99.89350,0.0,319.2,15.0,1,1,1433091602,30
812,Qs000012,13.75650,100.51450,56.0,267.6,15.0,0,1,1433091602,30
813,42000001,13.89470,100.60780,49.0,30.1,15.0,0,1,1433091604,30
814,cs000015,13.74230,100.55290,0.0,207.3,15.0,0,0,1433091602,30
815,HN000006,13.78550,100.55550,0.0,0.0,15.0,1,0,1433091602,30
816,353419036147465,13.74926,100.60020,13.0,108.6,1.5,0,1,1433091600,8
817,353419036147465,13.74926,100.60020,13.0,108.6,1.5,0,1,1433091603,8
818,rB000116,13.62930,100.89040,0.0,153.8,15.0,1,0,1433091600,30
819,rB000078,13.78530,100.68000,0.0,0.0,15.0,1,1,1433091602,30
820,Z0000128,13.79430,100.50620,0.0,31.3,15.0,0,0,1433091603,30
821,Z0000125,13.93270,100.41530,0.0,353.6,15.0,1,0,1433091602,30
822,6O000001,13.78230,100.49210,0.0,0.0,15.0,1,1,1433091603,30
823,EN000168,13.85020,100.42350,0.0,29.2,15.0,1,0,1433091602,30
824,qN000016,13.77790,100.57050,0.0,31.5,15.0,0,0,1433091602,30
825,UP000026,13.68450,100.44460,28.0,58.6,15.0,0,1,1433091602,30
826,UP000094,13.74900,100.56790,15.0,280.6,15.0,0,1,1433091602,30
827,j6000031,12.58870,102.07806,0.0,138.9,15.0,1,0,1433091602,30
828,UP000811,13.79870,100.84620,0.0,0.0,15.0,1,1,1433091602,30
829,CX000003,13.72460,100.46400,0.0,97.9,15.0,1,0,1433091603,30
830,or000010,15.45433,101.69279,0.0,0.0,0.0,1,0,1433091602,30
831,Ca000008,13.88540,100.51190,66.0,339.8,15.0,0,1,1433091602,30
832,UP000268,13.59720,100.39360,0.0,126.7,15.0,1,0,1433091602,30
833,2k000008,13.84150,100.49547,0.0,0.0,0.0,1,1,1433091602,30
834,tq000147,13.68660,100.54060,5.0,324.0,15.0,0,1,1433091603,30
835,qw000022,13.73890,100.53730,0.0,134.9,15.0,0,1,1433091602,30
836,BM000015,13.67000,100.49630,0.0,152.9,15.0,1,0,1433091603,30
837,Uk000002,13.93710,100.28030,0.0,146.1,15.0,1,0,1433091602,30
838,UP000345,13.58340,100.30800,38.0,176.2,15.0,0,1,1433091602,30
839,fN000079,13.87560,100.45570,0.0,264.5,15.0,0,1,1433091603,30
840,353419036151871,13.77197,100.61361,27.0,134.7,1.7,0,0,1433091602,8
841,353419036159585,13.84065,100.58573,39.0,263.6,1.6,0,0,1433091602,8
842,kU000011,13.77160,100.42580,74.0,8.2,15.0,0,1,1433091603,30
843,UP000997,13.88710,100.40950,0.0,44.6,15.0,1,0,1433091602,30
844,42000012,13.78010,100.61970,59.0,119.7,15.0,0,1,1433091602,30
845,Ee000001,13.77150,100.57320,71.0,5.3,15.0,0,0,1433091604,30
846,CQ000014,13.70170,100.73340,0.0,236.2,15.0,0,1,1433091603,30
847,UP000950,13.86670,100.66780,0.0,0.0,15.0,1,0,1433091602,30
848,353419036172372,12.77474,99.96665,118.0,193.3,1.6,0,1,1433091602,8
849,353419036185556,13.71264,100.43240,38.0,265.1,1.6,1,1,1433091602,8
850,Uj000031,13.98300,100.18040,0.0,67.4,15.0,1,1,1433091603,30
851,2H000014,13.85760,100.53380,98.0,96.3,15.0,0,1,1433091603,30
852,UP000362,13.84240,100.27080,0.0,116.7,15.0,1,0,1433091603,30
853,Od000015,13.92510,100.59330,0.0,260.3,15.0,1,0,1433091602,30
854,tq000145,13.76620,100.74690,0.0,97.0,15.0,1,0,1433091603,30
855,Zk000004,13.93140,100.53850,50.0,319.2,15.0,0,1,1433091603,30
856,nc000012,13.77180,100.66290,0.0,241.7,15.0,1,0,1433091602,30
857,YD000008,13.82680,100.48360,42.0,63.5,15.0,0,0,1433091603,30
858,8h000028,13.68100,100.56740,0.0,0.0,15.0,1,1,1433091602,30
859,v7000019,13.72880,100.45310,82.0,135.9,15.0,0,0,1433091602,30
860,EN000156,13.80850,100.54840,0.0,0.0,15.0,1,0,1433091602,30
861,353419036144256,13.72056,100.68197,14.0,98.6,1.8,0,0,1433091600,8
862,353419036144256,13.72055,100.68212,23.0,96.1,1.8,0,0,1433091603,8
863,Z0000389,13.70550,100.48610,0.0,195.4,15.0,0,0,1433091602,30
864,qw000017,13.80370,100.71300,69.0,330.7,15.0,0,0,1433091605,30
865,Z0000432,13.79210,100.61150,66.0,201.4,15.0,0,0,1433091602,30
866,rB000061,13.83730,100.64920,0.0,0.0,15.0,1,1,1433091602,30
867,Hr000013,13.74140,100.47090,6.0,33.7,15.0,0,0,1433091603,30
868,UP000452,13.70360,100.41890,0.0,140.8,15.0,1,1,1433091603,30
869,353419036164494,14.63572,100.47399,95.0,190.2,1.6,0,1,1433091602,8
870,tq000208,13.84510,100.44330,0.0,349.1,15.0,1,0,1433091603,30
871,Ki000004,13.53000,101.04212,0.0,39.2,15.0,1,1,1433091603,30
872,SE000026,15.18120,103.96080,0.0,155.2,15.0,1,0,1433091602,30
873,tq000236,13.82650,100.44660,0.0,22.5,15.0,0,0,1433091604,30
874,Z0000401,13.80530,100.53400,49.0,287.8,15.0,0,1,1433091602,30
875,E6000019,13.64770,100.78940,0.0,36.0,15.0,1,0,1433091601,30
876,UP000669,13.81500,100.56110,56.0,210.4,15.0,0,1,1433091603,30
877,r6000006,13.67370,100.49190,0.0,112.1,15.0,1,0,1433091603,30
878,3D000005,13.75740,100.49780,74.0,281.4,15.0,0,1,1433091603,30
879,2H000052,13.62580,100.72150,0.0,0.0,15.0,1,1,1433091603,30
880,8C000024,13.67380,100.54240,0.0,61.1,15.0,1,0,1433091603,30
881,Ed000003,13.72100,100.56740,38.0,310.8,15.0,0,0,1433091603,30
882,rB000026,13.74620,100.66570,35.0,103.2,15.0,0,0,1433091605,30
883,ag000003,13.75460,100.55820,45.0,95.3,15.0,0,1,1433091604,30
884,gF000011,13.90740,100.40070,0.0,0.0,15.0,1,0,1433091603,30
885,es000003,13.59530,100.50270,0.0,113.8,15.0,1,0,1433091603,30
886,EN000151,13.88820,100.67040,0.0,162.4,15.0,1,0,1433091603,30
887,BJ000001,13.68980,100.50240,0.0,239.9,15.0,1,1,1433091602,30
888,EN000094,13.75620,100.64290,0.0,167.6,15.0,1,0,1433091603,30
889,xG000005,13.76990,100.64180,0.0,113.5,15.0,0,0,1433091602,30
890,bO000009,13.67730,100.63290,0.0,0.0,15.0,1,1,1433091602,30
891,d7000001,13.94090,100.54550,0.0,84.8,15.0,1,0,1433091603,30
892,2F000003,13.71790,100.74620,60.0,34.8,15.0,0,0,1433091603,30
893,fG000035,13.84580,100.63770,0.0,207.0,15.0,0,1,1433091603,30
894,fN000054,14.04990,100.43310,0.0,311.7,15.0,1,1,1433091603,30
895,YQ000046,13.56580,100.94150,117.0,100.9,15.0,0,0,1433091602,30
896,UP000231,13.66510,100.50290,0.0,31.3,15.0,1,1,1433091602,30
897,Ed000050,13.71300,100.48850,40.0,200.4,15.0,0,0,1433091603,30
898,2H000063,13.76710,100.62250,0.0,167.1,15.0,0,1,1433091603,30
899,h8000012,13.83140,100.54220,0.0,33.2,15.0,1,0,1433091602,30
900,Z0000006,13.81040,100.49800,0.0,275.4,15.0,1,0,1433091603,30
901,Z0000136,13.90294,100.53260,0.0,0.0,0.0,1,1,1433091603,30
902,Od000002,13.78560,100.38210,91.0,276.8,15.0,0,0,1433091603,30
903,E6000001,13.96330,100.64360,22.0,280.1,15.0,0,1,1433091603,30
904,rB000003,13.86380,100.64700,64.0,180.8,15.0,0,0,1433091603,30
905,UP000872,13.73382,100.49472,0.0,0.0,0.0,0,1,1433091603,30
906,uS000007,13.73970,100.60330,61.0,108.8,15.0,0,1,1433091602,30
907,tq000321,13.73830,100.44850,0.0,349.8,15.0,1,0,1433091603,30
908,Z0000102,13.91260,100.43810,0.0,0.0,15.0,1,0,1433091603,30
909,li000006,13.58270,100.48550,44.0,76.0,15.0,0,1,1433091602,30
910,8C000037,13.82610,100.55010,1.0,279.5,15.0,0,1,1433091605,30
911,UP000994,13.78060,100.42970,43.0,276.9,15.0,0,1,1433091603,30
912,km000006,13.79050,100.42640,0.0,181.1,15.0,0,0,1433091603,30
913,WV000002,13.74020,100.62010,0.0,280.3,15.0,1,1,1433091603,30
914,5s000001,13.71330,100.35940,0.0,0.0,15.0,1,0,1433091603,30
915,8h000058,13.71090,100.40920,0.0,85.4,15.0,0,1,1433091603,30
916,Z0000155,13.88000,100.44600,0.0,188.3,15.0,1,0,1433091603,30
917,UP001016,13.83170,100.47500,0.0,0.0,15.0,1,0,1433091603,30
918,2H000021,13.79590,100.87120,0.0,208.0,15.0,0,0,1433091603,30
919,bN000051,16.47600,102.85110,0.0,0.0,15.0,1,1,1433091604,30
920,UP000085,13.73660,100.78900,0.0,33.9,15.0,1,1,1433091603,30
921,Z0000237,13.84310,100.49870,1.0,201.8,15.0,1,0,1433091603,30
922,do000003,13.69870,100.40810,0.0,0.0,15.0,1,0,1433091604,30
923,j6000037,13.74740,100.59880,0.0,142.3,15.0,0,1,1433091603,30
924,Z6000010,13.77740,100.63370,0.0,68.4,15.0,1,0,1433091603,30
925,4f000009,13.76370,100.53750,0.0,26.0,15.0,0,1,1433091603,30
926,Z0000315,13.76210,100.55140,58.0,296.9,15.0,0,0,1433091603,30
927,UP000032,13.63480,100.25070,0.0,263.0,15.0,1,0,1433091603,30
928,Ki000094,13.76200,100.63920,45.0,82.1,15.0,0,1,1433091603,30
929,PL000002,13.69380,100.59820,93.0,124.8,15.0,0,0,1433091603,30
930,MH000028,13.65670,100.42450,0.0,166.6,15.0,1,0,1433091603,30
931,Z0000205,13.83670,100.60390,0.0,22.3,15.0,1,0,1433091603,30
932,gF000003,13.87270,100.46000,0.0,299.1,15.0,0,1,1433091603,30
933,Ki000002,13.61110,100.50960,0.0,0.0,15.0,1,0,1433091603,30
934,w1000035,13.74730,100.42040,0.0,110.7,15.0,1,0,1433091603,30
935,353419036166614,13.81241,100.72318,4.0,274.2,1.8,0,1,1433091600,8
936,353419036166614,13.81242,100.72309,20.0,273.8,1.8,0,1,1433091603,8
937,tq000107,13.81270,100.37270,0.0,334.0,15.0,1,0,1433091604,30
938,UP001036,13.78640,100.48270,0.0,0.0,15.0,1,0,1433091603,30
939,fN000105,14.04845,100.84070,0.0,0.0,15.0,1,1,1433091603,30
940,3u000002,13.67130,100.47170,0.0,61.6,15.0,0,1,1433091603,30
941,bO000005,13.80480,100.59940,0.0,279.8,15.0,0,1,1433091601,30
942,As000030,13.70930,100.62200,50.0,83.2,15.0,0,1,1433091603,30
943,UP001073,13.66740,100.43780,0.0,216.8,15.0,1,0,1433091603,30
944,bO000004,13.67860,100.61630,0.0,99.9,15.0,0,1,1433091603,30
945,Ki000078,13.68710,100.42865,0.0,0.0,0.0,1,0,1433091603,30
946,of000001,13.82190,100.64290,55.0,333.5,15.0,0,0,1433091603,30
947,W6000001,13.79520,100.72900,0.0,0.0,15.0,1,0,1433091603,30
948,2k000003,13.51710,99.79050,0.0,283.6,15.0,1,0,1433091604,30
949,kU000018,13.78530,100.46310,41.0,321.1,15.0,0,1,1433091604,30
950,Z0000370,13.52480,100.66650,0.0,0.0,15.0,1,0,1433091603,30
951,Uj000066,13.66890,100.69410,26.0,284.9,15.0,0,0,1433091604,30
952,O0000013,13.70620,100.52550,0.0,128.0,15.0,1,0,1433091603,30
953,tq000361,13.83160,100.46480,0.0,215.3,15.0,1,0,1433091603,30
954,Z0000040,13.77830,100.66390,0.0,329.2,15.0,0,1,1433091604,30
955,Ed000021,13.72250,100.74190,67.0,89.0,15.0,0,0,1433091604,30
956,tq000362,13.89900,100.54420,2.0,182.0,15.0,0,0,1433091603,30
957,tq000109,13.76710,100.64990,67.0,231.3,15.0,0,1,1433091604,30
958,Ki000059,13.80640,100.06359,0.0,329.1,15.0,1,1,1433091604,30
959,Uj000068,13.63620,100.60960,0.0,0.0,15.0,1,1,1433091603,30
960,aD000001,13.67240,100.51700,0.0,118.8,15.0,1,1,1433091603,30
961,10008917,13.93517,100.67410,0.0,34.0,0.0,1,1,1433091602,9
962,10014646,13.61103,100.67133,74.0,226.0,0.0,0,1,1433091602,9
963,10016494,13.75550,100.75083,64.0,220.0,0.0,0,0,1433091602,9
964,10013502,13.64310,100.60130,78.0,348.0,0.0,0,1,1433091600,9
965,10017144,13.74465,100.47020,48.0,2.0,0.0,0,1,1433091602,9
966,10012555,13.69438,100.43715,16.0,48.0,0.0,0,1,1433091602,9
967,10012174,13.65125,100.48342,2.0,142.0,0.0,0,1,1433091600,9
968,10016831,13.75993,100.54248,76.0,0.0,0.0,0,0,1433091602,9
969,16005006,13.71687,100.64278,81.0,346.0,0.0,0,1,1433091603,9
970,16005523,15.56455,100.97422,0.0,0.0,0.0,1,1,1433091603,9
971,16005237,13.87225,100.38077,0.0,0.0,0.0,1,1,1433091602,9
972,10016109,13.74087,100.51780,38.0,98.0,0.0,0,1,1433091602,9
973,10013373,13.74213,100.63763,58.0,226.0,0.0,0,1,1433091602,9
974,10016219,13.74928,100.60065,74.0,108.0,0.0,0,1,1433091602,9
975,16005692,13.78402,100.49347,40.0,59.0,0.0,0,1,1433091603,9
976,10016768,13.78218,100.67172,48.0,236.0,0.0,0,1,1433091602,9
977,10013213,13.89898,100.66265,54.0,46.0,0.0,0,1,1433091602,9
978,10012053,13.71180,100.57752,72.0,110.0,0.0,0,1,1433091602,9
979,10014681,13.71917,100.56962,0.0,208.0,0.0,0,0,1433091602,9
980,10014486,13.73940,100.51352,42.0,240.0,0.0,0,1,1433091602,9
981,10014780,13.72305,100.56267,6.0,172.0,0.0,0,1,1433091602,9
982,16006038,13.83157,100.50077,0.0,0.0,0.0,1,0,1433091603,9
983,10013875,13.57578,100.59818,0.0,150.0,0.0,1,1,1433091602,9
984,10016358,13.82202,100.62672,60.0,210.0,0.0,0,1,1433091602,9
985,10016750,13.88523,100.65443,50.0,210.0,0.0,0,0,1433091602,9
986,10015663,13.79843,100.39163,62.0,76.0,0.0,0,1,1433091602,9
987,16005549,13.83087,100.55895,0.0,0.0,0.0,0,1,1433091603,9
988,10017255,13.88702,100.57687,52.0,120.0,0.0,0,1,1433091602,9
989,10014243,13.71785,100.56963,56.0,236.0,0.0,0,0,1433091602,9
990,10015017,13.72805,100.48023,10.0,10.0,0.0,0,0,1433091602,9
991,10017192,13.72847,100.53948,62.0,112.0,0.0,0,1,1433091600,9
992,16005792,13.88472,100.71958,0.0,0.0,0.0,1,1,1433091602,9
993,16005923,13.60762,100.68743,0.0,0.0,0.0,1,1,1433091602,9
994,10014599,13.89743,100.58785,20.0,354.0,0.0,0,1,1433091602,9
995,16006031,13.84098,100.58832,19.0,270.0,0.0,0,0,1433091603,9
996,10016712,13.70792,100.27730,2.0,54.0,0.0,0,1,1433091602,9
997,16100337,8.11078,98.31732,0.0,0.0,0.0,1,1,1433091603,9
998,10013330,13.98737,100.60883,46.0,80.0,0.0,0,1,1433091602,9
999,16005555,13.77827,100.57045,0.0,0.0,0.0,0,1,1433091603,9
1000,10015488,13.74422,100.40828,54.0,224.0,0.0,0,0,1433091602,9
